name,vary_name,type,ve_est_mean,ve_est_sd,n_study_mean,pvac,pflu,ve,pnonflu,sympt,clin,test_clin,test_nonclin,sens_vac,spec_vac,sens_flu,spec_flu,prop,nsam
adults,pvac--adults-low,admin,0.1119155693170738,0.03399706439294456,53094.778,0.05,0.08,0.5,0.15,0.85,0.3,0.35,0.15,0.95,0.85,0.86,0.984,0.657,328500
adults,pflu--adults-low,admin,0.26547710757066945,0.02920285769615746,52519.648,0.25,0.05,0.5,0.15,0.85,0.3,0.35,0.15,0.95,0.85,0.86,0.984,0.657,328500
adults,ve--adults-low,admin,0.09111464605882409,0.028235176437782755,53077.872,0.25,0.08,0.15,0.15,0.85,0.3,0.35,0.15,0.95,0.85,0.86,0.984,0.657,328500
adults,pnonflu--adults-low,admin,0.2960839006545288,0.02429558822706533,52120.73,0.25,0.08,0.5,0.1,0.85,0.3,0.35,0.15,0.95,0.85,0.86,0.984,0.657,328500
adults,sympt--adults-low,admin,0.2860483070146975,0.025958273880835336,49709.264,0.25,0.08,0.5,0.15,0.1,0.3,0.35,0.15,0.95,0.85,0.86,0.984,0.657,328500
adults,clin--adults-low,admin,0.2905173541827694,0.025644692726804422,50505.528,0.25,0.08,0.5,0.15,0.85,0.1,0.35,0.15,0.95,0.85,0.86,0.984,0.657,328500
adults,test_clin--adults-low,admin,0.28355380010464926,0.028254297102671827,48353.982,0.25,0.08,0.5,0.15,0.85,0.3,0.1,0.15,0.95,0.85,0.86,0.984,0.657,328500
adults,test_nonclin--adults-low,admin,0.30631098098786186,0.04263017242678415,6448.076,0.25,0.08,0.5,0.15,0.85,0.3,0.35,0,0.95,0.85,0.86,0.984,0.657,328500
adults,sens_vac--adults-low,admin,0.28391710054469055,0.02539090973082809,52959.73,0.25,0.08,0.5,0.15,0.85,0.3,0.35,0.15,0.9,0.85,0.86,0.984,0.657,328500
adults,spec_vac--adults-low,admin,0.15976199275041142,0.026990001968709588,52959.73,0.25,0.08,0.5,0.15,0.85,0.3,0.35,0.15,0.95,0.5,0.86,0.984,0.657,328500
adults,sens_flu--adults-low,admin,0.2565730624158029,0.030532574845006193,52959.73,0.25,0.08,0.5,0.15,0.85,0.3,0.35,0.15,0.95,0.85,0.5,0.984,0.657,328500
adults,spec_flu--adults-low,admin,0.16387297412627175,0.021045569005270947,52959.73,0.25,0.08,0.5,0.15,0.85,0.3,0.35,0.15,0.95,0.85,0.86,0.9,0.657,328500
adults,prop--children-low,admin,0.2963661796782408,0.037843808808376046,19186.564,0.25,0.08,0.5,0.15,0.85,0.3,0.35,0.15,0.95,0.85,0.86,0.984,0.23809523809523808,119048
adults,prop--elderly-low,admin,0.29545504322210153,0.040946126618435025,19192.016,0.25,0.08,0.5,0.15,0.85,0.3,0.35,0.15,0.95,0.85,0.86,0.984,0.23809523809523808,119048
adults,prop--all-high,admin,0.297312178009934,0.03467302630323291,26881.708,0.25,0.08,0.5,0.15,0.85,0.3,0.35,0.15,0.95,0.85,0.86,0.984,0.33333333333333337,166667
adults,prop--adults-low,admin,0.29612638675879605,0.025047904593874973,42217.824,0.25,0.08,0.5,0.15,0.85,0.3,0.35,0.15,0.95,0.85,0.86,0.984,0.5238095238095238,261905
adults,spec_flu--all-high,admin,0.3473770795521075,0.025203692349016458,52975.454,0.25,0.08,0.5,0.15,0.85,0.3,0.35,0.15,0.95,0.85,0.86,1,0.657,328500
adults,spec_flu--children-low,admin,0.3458738758464839,0.02449906523499321,52973.29,0.25,0.08,0.5,0.15,0.85,0.3,0.35,0.15,0.95,0.85,0.86,1,0.657,328500
adults,spec_flu--elderly-low,admin,0.3462485255729682,0.025501780720928954,52951.018,0.25,0.08,0.5,0.15,0.85,0.3,0.35,0.15,0.95,0.85,0.86,1,0.657,328500
adults,sens_flu--all-high,admin,0.3058563906340609,0.02360987822759741,52975.454,0.25,0.08,0.5,0.15,0.85,0.3,0.35,0.15,0.95,0.85,1,0.984,0.657,328500
adults,sens_flu--children-low,admin,0.30404731152567965,0.02156240709787585,52973.29,0.25,0.08,0.5,0.15,0.85,0.3,0.35,0.15,0.95,0.85,1,0.984,0.657,328500
adults,sens_flu--elderly-low,admin,0.30512759837024483,0.02357988353441538,52951.018,0.25,0.08,0.5,0.15,0.85,0.3,0.35,0.15,0.95,0.85,1,0.984,0.657,328500
adults,spec_vac--all-high,admin,0.4348484661875421,0.02518919590188534,52975.454,0.25,0.08,0.5,0.15,0.85,0.3,0.35,0.15,0.95,1,0.86,0.984,0.657,328500
adults,spec_vac--children-low,admin,0.43493239616830287,0.02403582975727277,52973.29,0.25,0.08,0.5,0.15,0.85,0.3,0.35,0.15,0.95,1,0.86,0.984,0.657,328500
adults,spec_vac--elderly-low,admin,0.4347397850448951,0.024064867110819087,52951.018,0.25,0.08,0.5,0.15,0.85,0.3,0.35,0.15,0.95,1,0.86,0.984,0.657,328500
adults,sens_vac--all-high,admin,0.30690448736218845,0.02447544500755731,52975.454,0.25,0.08,0.5,0.15,0.85,0.3,0.35,0.15,1,0.85,0.86,0.984,0.657,328500
adults,sens_vac--children-low,admin,0.30552780624917636,0.022967899698339046,52973.29,0.25,0.08,0.5,0.15,0.85,0.3,0.35,0.15,1,0.85,0.86,0.984,0.657,328500
adults,sens_vac--elderly-low,admin,0.30619860448402353,0.024007499354973705,52951.018,0.25,0.08,0.5,0.15,0.85,0.3,0.35,0.15,1,0.85,0.86,0.984,0.657,328500
adults,test_nonclin--all-high,admin,0.28813758421109237,0.019177440616459332,99480.46,0.25,0.08,0.5,0.15,0.85,0.3,0.35,0.3,0.95,0.85,0.86,0.984,0.657,328500
adults,test_nonclin--children-low,admin,0.2874152413328938,0.019070527615842905,99476.452,0.25,0.08,0.5,0.15,0.85,0.3,0.35,0.3,0.95,0.85,0.86,0.984,0.657,328500
adults,test_nonclin--elderly-low,admin,0.28770328229082937,0.018840027333253292,99465.542,0.25,0.08,0.5,0.15,0.85,0.3,0.35,0.3,0.95,0.85,0.86,0.984,0.657,328500
adults,test_clin--all-high,admin,0.3065355566699329,0.02009145557952416,63113.302,0.25,0.08,0.5,0.15,0.85,0.3,0.9,0.15,0.95,0.85,0.86,0.984,0.657,328500
adults,test_clin--children-low,admin,0.30648774862474193,0.01930215143811568,63106.752,0.25,0.08,0.5,0.15,0.85,0.3,0.9,0.15,0.95,0.85,0.86,0.984,0.657,328500
adults,test_clin--elderly-low,admin,0.3074434247633649,0.020201284058186896,63085.562,0.25,0.08,0.5,0.15,0.85,0.3,0.9,0.15,0.95,0.85,0.86,0.984,0.657,328500
adults,clin--all-high,admin,0.30536185448545394,0.019758695632590306,60347.456,0.25,0.08,0.5,0.15,0.85,0.9,0.35,0.15,0.95,0.85,0.86,0.984,0.657,328500
adults,clin--children-low,admin,0.30408253266143903,0.019427711226635225,60349.88,0.25,0.08,0.5,0.15,0.85,0.9,0.35,0.15,0.95,0.85,0.86,0.984,0.657,328500
adults,clin--elderly-low,admin,0.3050579530483351,0.020581898703885593,60319.574,0.25,0.08,0.5,0.15,0.85,0.9,0.35,0.15,0.95,0.85,0.86,0.984,0.657,328500
adults,sympt--all-high,admin,0.2964777697968244,0.023642545072216643,53191.458,0.25,0.08,0.5,0.15,0.9,0.3,0.35,0.15,0.95,0.85,0.86,0.984,0.657,328500
adults,sympt--children-low,admin,0.2944601892240411,0.022551884791862455,53189.706,0.25,0.08,0.5,0.15,0.9,0.3,0.35,0.15,0.95,0.85,0.86,0.984,0.657,328500
adults,sympt--elderly-low,admin,0.29643511207731604,0.025079945421956736,53167.698,0.25,0.08,0.5,0.15,0.9,0.3,0.35,0.15,0.95,0.85,0.86,0.984,0.657,328500
adults,pnonflu--all-high,admin,0.29257101506922517,0.02431229507128916,55491.284,0.25,0.08,0.5,0.3,0.85,0.3,0.35,0.15,0.95,0.85,0.86,0.984,0.657,328500
adults,pnonflu--children-low,admin,0.2917556941632697,0.02357958637679727,55487.39,0.25,0.08,0.5,0.3,0.85,0.3,0.35,0.15,0.95,0.85,0.86,0.984,0.657,328500
adults,pnonflu--elderly-low,admin,0.2915080484191945,0.025278049658600043,55462.804,0.25,0.08,0.5,0.3,0.85,0.3,0.35,0.15,0.95,0.85,0.86,0.984,0.657,328500
adults,ve--all-high,admin,0.4126969492521659,0.02202881462730111,52908.594,0.25,0.08,0.7,0.15,0.85,0.3,0.35,0.15,0.95,0.85,0.86,0.984,0.657,328500
adults,ve--children-low,admin,0.41036554819192855,0.020735106501940718,52906.572,0.25,0.08,0.7,0.15,0.85,0.3,0.35,0.15,0.95,0.85,0.86,0.984,0.657,328500
adults,ve--elderly-low,admin,0.4122102171315608,0.021910351461278704,52883.8,0.25,0.08,0.7,0.15,0.85,0.3,0.35,0.15,0.95,0.85,0.86,0.984,0.657,328500
adults,pflu--all-high,admin,0.33046669727192785,0.01949564244462567,54002.44,0.25,0.15,0.5,0.15,0.85,0.3,0.35,0.15,0.95,0.85,0.86,0.984,0.657,328500
adults,pflu--children-low,admin,0.33076619096184706,0.01746609213825814,53999.646,0.25,0.15,0.5,0.15,0.85,0.3,0.35,0.15,0.95,0.85,0.86,0.984,0.657,328500
adults,pflu--elderly-low,admin,0.3312590410132209,0.018688209280861737,53975.292,0.25,0.15,0.5,0.15,0.85,0.3,0.35,0.15,0.95,0.85,0.86,0.984,0.657,328500
adults,pvac--all-high,admin,0.3656408004701013,0.02156061297923744,52808.08,0.5,0.08,0.5,0.15,0.85,0.3,0.35,0.15,0.95,0.85,0.86,0.984,0.657,328500
adults,pvac--children-low,admin,0.36513263235766813,0.021060687291965134,52806.526,0.5,0.08,0.5,0.15,0.85,0.3,0.35,0.15,0.95,0.85,0.86,0.984,0.657,328500
adults,pvac--elderly-low,admin,0.3655441257988839,0.019891815649989847,52783.006,0.5,0.08,0.5,0.15,0.85,0.3,0.35,0.15,0.95,0.85,0.86,0.984,0.657,328500
adults,pvac--adults-low,surv,0.10874094420819787,0.06218976366425823,6683.864,0.05,0.08,0.5,0.15,0.85,0.3,0.35,0.15,0.95,0.85,0.86,0.984,0.657,328500
adults,pflu--adults-low,surv,0.3030910319967001,0.04890070953480321,5677.148,0.25,0.05,0.5,0.15,0.85,0.3,0.35,0.15,0.95,0.85,0.86,0.984,0.657,328500
adults,ve--adults-low,surv,0.09075251995948613,0.05414049883706947,6654.37,0.25,0.08,0.15,0.15,0.85,0.3,0.35,0.15,0.95,0.85,0.86,0.984,0.657,328500
adults,pnonflu--adults-low,surv,0.3004027051275409,0.04327079962219967,4979.484,0.25,0.08,0.5,0.1,0.85,0.3,0.35,0.15,0.95,0.85,0.86,0.984,0.657,328500
adults,sympt--adults-low,surv,0.3004911134284372,0.12482536915650638,758.644,0.25,0.08,0.5,0.15,0.1,0.3,0.35,0.15,0.95,0.85,0.86,0.984,0.657,328500
adults,clin--adults-low,surv,0.3046030814782397,0.0766746824708728,2150.242,0.25,0.08,0.5,0.15,0.85,0.1,0.35,0.15,0.95,0.85,0.86,0.984,0.657,328500
adults,test_clin--adults-low,surv,0.30492755040621333,0.0817358296475587,1842.328,0.25,0.08,0.5,0.15,0.85,0.3,0.1,0.15,0.95,0.85,0.86,0.984,0.657,328500
adults,test_nonclin--adults-low,surv,0.30631098098786186,0.04263017242678415,6448.076,0.25,0.08,0.5,0.15,0.85,0.3,0.35,0,0.95,0.85,0.86,0.984,0.657,328500
adults,sens_vac--adults-low,surv,0.2928571489009658,0.04273969470478191,6448.076,0.25,0.08,0.5,0.15,0.85,0.3,0.35,0.15,0.9,0.85,0.86,0.984,0.657,328500
adults,spec_vac--adults-low,surv,0.1624483029324608,0.04555179917381698,6448.076,0.25,0.08,0.5,0.15,0.85,0.3,0.35,0.15,0.95,0.5,0.86,0.984,0.657,328500
adults,sens_flu--adults-low,surv,0.2610197950402191,0.05471323057695478,6448.076,0.25,0.08,0.5,0.15,0.85,0.3,0.35,0.15,0.95,0.85,0.5,0.984,0.657,328500
adults,spec_flu--adults-low,surv,0.2534647922863341,0.041190509230993606,6448.076,0.25,0.08,0.5,0.15,0.85,0.3,0.35,0.15,0.95,0.85,0.86,0.9,0.657,328500
adults,prop--children-low,surv,0.3057827093897313,0.0715477125169779,2339.22,0.25,0.08,0.5,0.15,0.85,0.3,0.35,0.15,0.95,0.85,0.86,0.984,0.23809523809523808,119048
adults,prop--elderly-low,surv,0.30281689404962026,0.07393826816207845,2337.792,0.25,0.08,0.5,0.15,0.85,0.3,0.35,0.15,0.95,0.85,0.86,0.984,0.23809523809523808,119048
adults,prop--all-high,surv,0.30516489921167034,0.06039774083799108,3273.494,0.25,0.08,0.5,0.15,0.85,0.3,0.35,0.15,0.95,0.85,0.86,0.984,0.33333333333333337,166667
adults,prop--adults-low,surv,0.3034828242001619,0.05101021841208874,5141.638,0.25,0.08,0.5,0.15,0.85,0.3,0.35,0.15,0.95,0.85,0.86,0.984,0.5238095238095238,261905
adults,spec_flu--all-high,surv,0.3168454778796672,0.04408711587689053,6451.336,0.25,0.08,0.5,0.15,0.85,0.3,0.35,0.15,0.95,0.85,0.86,1,0.657,328500
adults,spec_flu--children-low,surv,0.31686296722361135,0.04410938006229846,6451.86,0.25,0.08,0.5,0.15,0.85,0.3,0.35,0.15,0.95,0.85,0.86,1,0.657,328500
adults,spec_flu--elderly-low,surv,0.31677061017688435,0.0433771572338351,6446.478,0.25,0.08,0.5,0.15,0.85,0.3,0.35,0.15,0.95,0.85,0.86,1,0.657,328500
adults,sens_flu--all-high,surv,0.3226200888758826,0.041915483464869535,6451.336,0.25,0.08,0.5,0.15,0.85,0.3,0.35,0.15,0.95,0.85,1,0.984,0.657,328500
adults,sens_flu--children-low,surv,0.32109348290756984,0.03892247554625388,6451.86,0.25,0.08,0.5,0.15,0.85,0.3,0.35,0.15,0.95,0.85,1,0.984,0.657,328500
adults,sens_flu--elderly-low,surv,0.3215583627509674,0.0406439103999006,6446.478,0.25,0.08,0.5,0.15,0.85,0.3,0.35,0.15,0.95,0.85,1,0.984,0.657,328500
adults,spec_vac--all-high,surv,0.457933153806874,0.041422489527977835,6451.336,0.25,0.08,0.5,0.15,0.85,0.3,0.35,0.15,0.95,1,0.86,0.984,0.657,328500
adults,spec_vac--children-low,surv,0.45767893028403117,0.04116015752471404,6451.86,0.25,0.08,0.5,0.15,0.85,0.3,0.35,0.15,0.95,1,0.86,0.984,0.657,328500
adults,spec_vac--elderly-low,surv,0.45732611172839854,0.04048596282217564,6446.478,0.25,0.08,0.5,0.15,0.85,0.3,0.35,0.15,0.95,1,0.86,0.984,0.657,328500
adults,sens_vac--all-high,surv,0.31568548839626115,0.043382329790068626,6451.336,0.25,0.08,0.5,0.15,0.85,0.3,0.35,0.15,1,0.85,0.86,0.984,0.657,328500
adults,sens_vac--children-low,surv,0.3151236610253724,0.042951012061870866,6451.86,0.25,0.08,0.5,0.15,0.85,0.3,0.35,0.15,1,0.85,0.86,0.984,0.657,328500
adults,sens_vac--elderly-low,surv,0.31581507107296186,0.04144296696238909,6446.478,0.25,0.08,0.5,0.15,0.85,0.3,0.35,0.15,1,0.85,0.86,0.984,0.657,328500
adults,test_nonclin--all-high,surv,0.30456724780289857,0.04350291428146392,6451.336,0.25,0.08,0.5,0.15,0.85,0.3,0.35,0.3,0.95,0.85,0.86,0.984,0.657,328500
adults,test_nonclin--children-low,surv,0.3018757436359327,0.04086662377673847,6451.86,0.25,0.08,0.5,0.15,0.85,0.3,0.35,0.3,0.95,0.85,0.86,0.984,0.657,328500
adults,test_nonclin--elderly-low,surv,0.30515752218735936,0.04360958532772239,6446.478,0.25,0.08,0.5,0.15,0.85,0.3,0.35,0.3,0.95,0.85,0.86,0.984,0.657,328500
adults,test_clin--all-high,surv,0.30441815983858445,0.02772721646324032,16589.184,0.25,0.08,0.5,0.15,0.85,0.3,0.9,0.15,0.95,0.85,0.86,0.984,0.657,328500
adults,test_clin--children-low,surv,0.3057854645579502,0.026991034494500275,16585.322,0.25,0.08,0.5,0.15,0.85,0.3,0.9,0.15,0.95,0.85,0.86,0.984,0.657,328500
adults,test_clin--elderly-low,surv,0.3070049068801883,0.02798429558635932,16581.022,0.25,0.08,0.5,0.15,0.85,0.3,0.9,0.15,0.95,0.85,0.86,0.984,0.657,328500
adults,clin--all-high,surv,0.30487454293991306,0.02382374689267365,19358.034,0.25,0.08,0.5,0.15,0.85,0.9,0.35,0.15,0.95,0.85,0.86,0.984,0.657,328500
adults,clin--children-low,surv,0.30402856644656073,0.023453788359066686,19360.136,0.25,0.08,0.5,0.15,0.85,0.9,0.35,0.15,0.95,0.85,0.86,0.984,0.657,328500
adults,clin--elderly-low,surv,0.3051598158679564,0.024526362230826868,19344.642,0.25,0.08,0.5,0.15,0.85,0.9,0.35,0.15,0.95,0.85,0.86,0.984,0.657,328500
adults,sympt--all-high,surv,0.3049352182858865,0.04292666943197709,6829.194,0.25,0.08,0.5,0.15,0.9,0.3,0.35,0.15,0.95,0.85,0.86,0.984,0.657,328500
adults,sympt--children-low,surv,0.3040540261251674,0.039979428777078885,6830.478,0.25,0.08,0.5,0.15,0.9,0.3,0.35,0.15,0.95,0.85,0.86,0.984,0.657,328500
adults,sympt--elderly-low,surv,0.30550276467492715,0.04188415799878532,6826.354,0.25,0.08,0.5,0.15,0.9,0.3,0.35,0.15,0.95,0.85,0.86,0.984,0.657,328500
adults,pnonflu--all-high,surv,0.3029438227732487,0.04117658234999058,10852.84,0.25,0.08,0.5,0.3,0.85,0.3,0.35,0.15,0.95,0.85,0.86,0.984,0.657,328500
adults,pnonflu--children-low,surv,0.3014245471237198,0.03872611912926992,10852.92,0.25,0.08,0.5,0.3,0.85,0.3,0.35,0.15,0.95,0.85,0.86,0.984,0.657,328500
adults,pnonflu--elderly-low,surv,0.3014930824231219,0.039419966573858926,10845.198,0.25,0.08,0.5,0.3,0.85,0.3,0.35,0.15,0.95,0.85,0.86,0.984,0.657,328500
adults,ve--all-high,surv,0.43292658563605985,0.03832353990528742,6333.956,0.25,0.08,0.7,0.15,0.85,0.3,0.35,0.15,0.95,0.85,0.86,0.984,0.657,328500
adults,ve--children-low,surv,0.43149061200913386,0.03756135259928083,6334.152,0.25,0.08,0.7,0.15,0.85,0.3,0.35,0.15,0.95,0.85,0.86,0.984,0.657,328500
adults,ve--elderly-low,surv,0.43401205787641034,0.03704581046666386,6329.586,0.25,0.08,0.7,0.15,0.85,0.3,0.35,0.15,0.95,0.85,0.86,0.984,0.657,328500
adults,pflu--all-high,surv,0.29732581714016837,0.036485698311129966,8247.178,0.25,0.15,0.5,0.15,0.85,0.3,0.35,0.15,0.95,0.85,0.86,0.984,0.657,328500
adults,pflu--children-low,surv,0.2970544812454136,0.03445829402223974,8248.492,0.25,0.15,0.5,0.15,0.85,0.3,0.35,0.15,0.95,0.85,0.86,0.984,0.657,328500
adults,pflu--elderly-low,surv,0.2973595930326693,0.03463739951625851,8239.216,0.25,0.15,0.5,0.15,0.85,0.3,0.35,0.15,0.95,0.85,0.86,0.984,0.657,328500
adults,pvac--all-high,surv,0.3825234395081748,0.03563673552087719,6157.516,0.5,0.08,0.5,0.15,0.85,0.3,0.35,0.15,0.95,0.85,0.86,0.984,0.657,328500
adults,pvac--children-low,surv,0.38158501011615875,0.036982023218181316,6158.842,0.5,0.08,0.5,0.15,0.85,0.3,0.35,0.15,0.95,0.85,0.86,0.984,0.657,328500
adults,pvac--elderly-low,surv,0.3849364765124784,0.03409037079015074,6152.984,0.5,0.08,0.5,0.15,0.85,0.3,0.35,0.15,0.95,0.85,0.86,0.984,0.657,328500
children,pvac--children-low,admin,0.15221079959432104,0.0539957339084506,14394.9,0.05,0.15,0.6,0.2,0.85,0.4,0.17,0.15,0.95,0.85,0.86,0.984,0.189,94500
children,pflu--children-low,admin,0.1895623075828128,0.07133970011239744,14331.74,0.1,0.05,0.6,0.2,0.85,0.4,0.17,0.15,0.95,0.85,0.86,0.984,0.189,94500
children,ve--children-low,admin,0.06264455563011427,0.05335080414044958,14396.446,0.1,0.15,0.15,0.2,0.85,0.4,0.17,0.15,0.95,0.85,0.86,0.984,0.189,94500
children,pnonflu--children-low,admin,0.24829728307653076,0.04748665326480693,14327.964,0.1,0.15,0.6,0.1,0.85,0.4,0.17,0.15,0.95,0.85,0.86,0.984,0.189,94500
children,sympt--children-low,admin,0.24650849423567,0.04910081212657328,14197.944,0.1,0.15,0.6,0.2,0.1,0.4,0.17,0.15,0.95,0.85,0.86,0.984,0.189,94500
children,clin--children-low,admin,0.24376496077163334,0.04861394690674641,14226.924,0.1,0.15,0.6,0.2,0.85,0.1,0.17,0.15,0.95,0.85,0.86,0.984,0.189,94500
children,test_clin--children-low,admin,0.2443782632101129,0.05144948873871773,13622.658,0.1,0.15,0.6,0.2,0.85,0.4,0.1,0.15,0.95,0.85,0.86,0.984,0.189,94500
children,test_nonclin--children-low,admin,0.21786979210196838,0.098729013784903,1867.022,0.1,0.15,0.6,0.2,0.85,0.4,0.17,0,0.95,0.85,0.86,0.984,0.189,94500
children,sens_vac--children-low,admin,0.23478894117334825,0.04898206091062878,14392.068,0.1,0.15,0.6,0.2,0.85,0.4,0.17,0.15,0.9,0.85,0.86,0.984,0.189,94500
children,spec_vac--children-low,admin,0.0970447923474906,0.04523463435172017,14392.068,0.1,0.15,0.6,0.2,0.85,0.4,0.17,0.15,0.95,0.5,0.86,0.984,0.189,94500
children,sens_flu--children-low,admin,0.2142801402822306,0.06205109812194271,14392.068,0.1,0.15,0.6,0.2,0.85,0.4,0.17,0.15,0.95,0.85,0.5,0.984,0.189,94500
children,spec_flu--children-low,admin,0.16047359649775705,0.04298950740047975,14392.068,0.1,0.15,0.6,0.2,0.85,0.4,0.17,0.15,0.95,0.85,0.86,0.9,0.189,94500
children,pflu--adults-low,admin,0.24456924874811078,0.04677414705430478,14398.826,0.1,0.15,0.6,0.2,0.85,0.4,0.17,0.15,0.95,0.85,0.86,0.984,0.189,94500
children,pflu--all-high,admin,0.24726167934273618,0.04692365516920438,14402.186,0.1,0.15,0.6,0.2,0.85,0.4,0.17,0.15,0.95,0.85,0.86,0.984,0.189,94500
children,pflu--elderly-low,admin,0.24509093262148504,0.04617381359475998,14399.616,0.1,0.15,0.6,0.2,0.85,0.4,0.17,0.15,0.95,0.85,0.86,0.984,0.189,94500
children,prop--adults-low,admin,0.24410803121926766,0.03957184745066992,18134.382,0.1,0.15,0.6,0.2,0.85,0.4,0.17,0.15,0.95,0.85,0.86,0.984,0.23809523809523808,119048
children,prop--elderly-low,admin,0.24532274012520947,0.04127681130182364,18134.236,0.1,0.15,0.6,0.2,0.85,0.4,0.17,0.15,0.95,0.85,0.86,0.984,0.23809523809523808,119048
children,prop--all-high,admin,0.2449645618345666,0.034026898440342276,25386.636,0.1,0.15,0.6,0.2,0.85,0.4,0.17,0.15,0.95,0.85,0.86,0.984,0.33333333333333337,166667
children,prop--children-low,admin,0.2448996543310293,0.02698367125391542,39889.738,0.1,0.15,0.6,0.2,0.85,0.4,0.17,0.15,0.95,0.85,0.86,0.984,0.5238095238095238,261905
children,spec_flu--adults-low,admin,0.270182812045248,0.04755013141492165,14398.826,0.1,0.15,0.6,0.2,0.85,0.4,0.17,0.15,0.95,0.85,0.86,1,0.189,94500
children,spec_flu--all-high,admin,0.2733144899694312,0.047232420379025954,14402.186,0.1,0.15,0.6,0.2,0.85,0.4,0.17,0.15,0.95,0.85,0.86,1,0.189,94500
children,spec_flu--elderly-low,admin,0.2703971249710215,0.046429140339952116,14399.616,0.1,0.15,0.6,0.2,0.85,0.4,0.17,0.15,0.95,0.85,0.86,1,0.189,94500
children,sens_flu--adults-low,admin,0.2530252845844587,0.043483244703939126,14398.826,0.1,0.15,0.6,0.2,0.85,0.4,0.17,0.15,0.95,0.85,1,0.984,0.189,94500
children,sens_flu--all-high,admin,0.2553398739392847,0.043309978994543696,14402.186,0.1,0.15,0.6,0.2,0.85,0.4,0.17,0.15,0.95,0.85,1,0.984,0.189,94500
children,sens_flu--elderly-low,admin,0.252301280305852,0.04423784919469314,14399.616,0.1,0.15,0.6,0.2,0.85,0.4,0.17,0.15,0.95,0.85,1,0.984,0.189,94500
children,spec_vac--adults-low,admin,0.566460462641569,0.047162673421134296,14398.826,0.1,0.15,0.6,0.2,0.85,0.4,0.17,0.15,0.95,1,0.86,0.984,0.189,94500
children,spec_vac--all-high,admin,0.5743997430712626,0.05045092894348833,14402.186,0.1,0.15,0.6,0.2,0.85,0.4,0.17,0.15,0.95,1,0.86,0.984,0.189,94500
children,spec_vac--elderly-low,admin,0.571865001674838,0.049673764524077,14399.616,0.1,0.15,0.6,0.2,0.85,0.4,0.17,0.15,0.95,1,0.86,0.984,0.189,94500
children,sens_vac--adults-low,admin,0.25457364581848657,0.04557807750453197,14398.826,0.1,0.15,0.6,0.2,0.85,0.4,0.17,0.15,1,0.85,0.86,0.984,0.189,94500
children,sens_vac--all-high,admin,0.25749019810868734,0.04606495064974584,14402.186,0.1,0.15,0.6,0.2,0.85,0.4,0.17,0.15,1,0.85,0.86,0.984,0.189,94500
children,sens_vac--elderly-low,admin,0.2550400831253461,0.045208902687422524,14399.616,0.1,0.15,0.6,0.2,0.85,0.4,0.17,0.15,1,0.85,0.86,0.984,0.189,94500
children,test_nonclin--adults-low,admin,0.24249649619860467,0.0372765215601454,26927.494,0.1,0.15,0.6,0.2,0.85,0.4,0.17,0.3,0.95,0.85,0.86,0.984,0.189,94500
children,test_nonclin--all-high,admin,0.24381556920105552,0.036726276636074744,26926.788,0.1,0.15,0.6,0.2,0.85,0.4,0.17,0.3,0.95,0.85,0.86,0.984,0.189,94500
children,test_nonclin--elderly-low,admin,0.244436329569739,0.03617585393807005,26925.176,0.1,0.15,0.6,0.2,0.85,0.4,0.17,0.3,0.95,0.85,0.86,0.984,0.189,94500
children,test_clin--adults-low,admin,0.24353696917151121,0.031788790821875766,22397.84,0.1,0.15,0.6,0.2,0.85,0.4,0.9,0.15,0.95,0.85,0.86,0.984,0.189,94500
children,test_clin--all-high,admin,0.24382478619950732,0.032421422947569,22398.65,0.1,0.15,0.6,0.2,0.85,0.4,0.9,0.15,0.95,0.85,0.86,0.984,0.189,94500
children,test_clin--elderly-low,admin,0.24435474613077743,0.030424079226951412,22401.08,0.1,0.15,0.6,0.2,0.85,0.4,0.9,0.15,0.95,0.85,0.86,0.984,0.189,94500
children,clin--adults-low,admin,0.24455779113795356,0.044016745249856826,14673.038,0.1,0.15,0.6,0.2,0.85,0.9,0.17,0.15,0.95,0.85,0.86,0.984,0.189,94500
children,clin--all-high,admin,0.2486512827969288,0.044538950342927396,14675.588,0.1,0.15,0.6,0.2,0.85,0.9,0.17,0.15,0.95,0.85,0.86,0.984,0.189,94500
children,clin--elderly-low,admin,0.24338898359955558,0.04589914340907603,14673.466,0.1,0.15,0.6,0.2,0.85,0.9,0.17,0.15,0.95,0.85,0.86,0.984,0.189,94500
children,sympt--adults-low,admin,0.24432834988516244,0.04662634771864218,14411.7,0.1,0.15,0.6,0.2,0.9,0.4,0.17,0.15,0.95,0.85,0.86,0.984,0.189,94500
children,sympt--all-high,admin,0.2462333085791781,0.04686329252886507,14414.83,0.1,0.15,0.6,0.2,0.9,0.4,0.17,0.15,0.95,0.85,0.86,0.984,0.189,94500
children,sympt--elderly-low,admin,0.24290984861358886,0.0444336615490643,14412.556,0.1,0.15,0.6,0.2,0.9,0.4,0.17,0.15,0.95,0.85,0.86,0.984,0.189,94500
children,pnonflu--adults-low,admin,0.24406746396558482,0.045073489267036713,14462.912,0.1,0.15,0.6,0.3,0.85,0.4,0.17,0.15,0.95,0.85,0.86,0.984,0.189,94500
children,pnonflu--all-high,admin,0.245200252515842,0.04590866069745003,14466.26,0.1,0.15,0.6,0.3,0.85,0.4,0.17,0.15,0.95,0.85,0.86,0.984,0.189,94500
children,pnonflu--elderly-low,admin,0.24236060136480325,0.04729451712353668,14463.732,0.1,0.15,0.6,0.3,0.85,0.4,0.17,0.15,0.95,0.85,0.86,0.984,0.189,94500
children,ve--adults-low,admin,0.28503980165523446,0.04505160037856985,14397.838,0.1,0.15,0.7,0.2,0.85,0.4,0.17,0.15,0.95,0.85,0.86,0.984,0.189,94500
children,ve--all-high,admin,0.28563652088065655,0.04619392531382127,14401.25,0.1,0.15,0.7,0.2,0.85,0.4,0.17,0.15,0.95,0.85,0.86,0.984,0.189,94500
children,ve--elderly-low,admin,0.28427483760296596,0.04436616129441139,14398.67,0.1,0.15,0.7,0.2,0.85,0.4,0.17,0.15,0.95,0.85,0.86,0.984,0.189,94500
children,pvac--adults-low,admin,0.4795068759002088,0.027781033082355015,14375.776,0.5,0.15,0.6,0.2,0.85,0.4,0.17,0.15,0.95,0.85,0.86,0.984,0.189,94500
children,pvac--all-high,admin,0.4809222499206922,0.029552557176327238,14379.196,0.5,0.15,0.6,0.2,0.85,0.4,0.17,0.15,0.95,0.85,0.86,0.984,0.189,94500
children,pvac--elderly-low,admin,0.48042552799760885,0.028501329195943687,14376.606,0.5,0.15,0.6,0.2,0.85,0.4,0.17,0.15,0.95,0.85,0.86,0.984,0.189,94500
children,pvac--children-low,surv,0.13410973782268748,0.11359247369855671,1891.456,0.05,0.15,0.6,0.2,0.85,0.4,0.17,0.15,0.95,0.85,0.86,0.984,0.189,94500
children,pflu--children-low,surv,0.21817119502178475,0.14595749854263107,1352.978,0.1,0.05,0.6,0.2,0.85,0.4,0.17,0.15,0.95,0.85,0.86,0.984,0.189,94500
children,ve--children-low,surv,0.04878334185934609,0.11126143993711572,1903.828,0.1,0.15,0.15,0.2,0.85,0.4,0.17,0.15,0.95,0.85,0.86,0.984,0.189,94500
children,pnonflu--children-low,surv,0.20029370977305988,0.12081101751214152,1320.524,0.1,0.15,0.6,0.1,0.85,0.4,0.17,0.15,0.95,0.85,0.86,0.984,0.189,94500
children,sympt--children-low,surv,0.16088439259651446,0.30034989910267634,220.01,0.1,0.15,0.6,0.2,0.1,0.4,0.17,0.15,0.95,0.85,0.86,0.984,0.189,94500
children,clin--children-low,surv,0.20401002214282832,0.18939813536968117,466.138,0.1,0.15,0.6,0.2,0.85,0.1,0.17,0.15,0.95,0.85,0.86,0.984,0.189,94500
children,test_clin--children-low,surv,0.21787167616603248,0.12868813044225275,1097.612,0.1,0.15,0.6,0.2,0.85,0.4,0.1,0.15,0.95,0.85,0.86,0.984,0.189,94500
children,test_nonclin--children-low,surv,0.21786979210196838,0.098729013784903,1867.022,0.1,0.15,0.6,0.2,0.85,0.4,0.17,0,0.95,0.85,0.86,0.984,0.189,94500
children,sens_vac--children-low,surv,0.20630258072723173,0.10117164368522635,1867.022,0.1,0.15,0.6,0.2,0.85,0.4,0.17,0.15,0.9,0.85,0.86,0.984,0.189,94500
children,spec_vac--children-low,surv,0.07700063770335967,0.0934353841115723,1867.022,0.1,0.15,0.6,0.2,0.85,0.4,0.17,0.15,0.95,0.5,0.86,0.984,0.189,94500
children,sens_flu--children-low,surv,0.17051417684084014,0.11985171707396522,1867.022,0.1,0.15,0.6,0.2,0.85,0.4,0.17,0.15,0.95,0.85,0.5,0.984,0.189,94500
children,spec_flu--children-low,surv,0.18372881711763037,0.09990743616703746,1867.022,0.1,0.15,0.6,0.2,0.85,0.4,0.17,0.15,0.95,0.85,0.86,0.9,0.189,94500
children,pflu--adults-low,surv,0.21992934659250438,0.08882799506831437,1858.102,0.1,0.15,0.6,0.2,0.85,0.4,0.17,0.15,0.95,0.85,0.86,0.984,0.189,94500
children,pflu--all-high,surv,0.22246346640733128,0.09364668101475045,1863.754,0.1,0.15,0.6,0.2,0.85,0.4,0.17,0.15,0.95,0.85,0.86,0.984,0.189,94500
children,pflu--elderly-low,surv,0.2166128783729939,0.09512992202416576,1863.944,0.1,0.15,0.6,0.2,0.85,0.4,0.17,0.15,0.95,0.85,0.86,0.984,0.189,94500
children,prop--adults-low,surv,0.21504312772693382,0.08722807869546502,2346.886,0.1,0.15,0.6,0.2,0.85,0.4,0.17,0.15,0.95,0.85,0.86,0.984,0.23809523809523808,119048
children,prop--elderly-low,surv,0.21946086673869855,0.08158771240822409,2348.68,0.1,0.15,0.6,0.2,0.85,0.4,0.17,0.15,0.95,0.85,0.86,0.984,0.23809523809523808,119048
children,prop--all-high,surv,0.2193964851831657,0.06962918561987305,3284.178,0.1,0.15,0.6,0.2,0.85,0.4,0.17,0.15,0.95,0.85,0.86,0.984,0.33333333333333337,166667
children,prop--children-low,surv,0.225513632203935,0.05696476498939625,5159.924,0.1,0.15,0.6,0.2,0.85,0.4,0.17,0.15,0.95,0.85,0.86,0.984,0.5238095238095238,261905
children,spec_flu--adults-low,surv,0.22676366625925196,0.08947408187859109,1858.102,0.1,0.15,0.6,0.2,0.85,0.4,0.17,0.15,0.95,0.85,0.86,1,0.189,94500
children,spec_flu--all-high,surv,0.22818473364434885,0.09434639608432209,1863.754,0.1,0.15,0.6,0.2,0.85,0.4,0.17,0.15,0.95,0.85,0.86,1,0.189,94500
children,spec_flu--elderly-low,surv,0.22231050777853795,0.09563976920558649,1863.944,0.1,0.15,0.6,0.2,0.85,0.4,0.17,0.15,0.95,0.85,0.86,1,0.189,94500
children,sens_flu--adults-low,surv,0.23855034271703993,0.08554457792938876,1858.102,0.1,0.15,0.6,0.2,0.85,0.4,0.17,0.15,0.95,0.85,1,0.984,0.189,94500
children,sens_flu--all-high,surv,0.23939374882687023,0.08931700294406308,1863.754,0.1,0.15,0.6,0.2,0.85,0.4,0.17,0.15,0.95,0.85,1,0.984,0.189,94500
children,sens_flu--elderly-low,surv,0.23354454466559257,0.09379987674644882,1863.944,0.1,0.15,0.6,0.2,0.85,0.4,0.17,0.15,0.95,0.85,1,0.984,0.189,94500
children,spec_vac--adults-low,surv,0.5520442770404835,0.09431498325188789,1858.102,0.1,0.15,0.6,0.2,0.85,0.4,0.17,0.15,0.95,1,0.86,0.984,0.189,94500
children,spec_vac--all-high,surv,0.561270112818894,0.09657635387097624,1863.754,0.1,0.15,0.6,0.2,0.85,0.4,0.17,0.15,0.95,1,0.86,0.984,0.189,94500
children,spec_vac--elderly-low,surv,0.5598044355796779,0.09611387952816228,1863.944,0.1,0.15,0.6,0.2,0.85,0.4,0.17,0.15,0.95,1,0.86,0.984,0.189,94500
children,sens_vac--adults-low,surv,0.22913244662374876,0.08747071476773247,1858.102,0.1,0.15,0.6,0.2,0.85,0.4,0.17,0.15,1,0.85,0.86,0.984,0.189,94500
children,sens_vac--all-high,surv,0.2312830137598879,0.09246190554628761,1863.754,0.1,0.15,0.6,0.2,0.85,0.4,0.17,0.15,1,0.85,0.86,0.984,0.189,94500
children,sens_vac--elderly-low,surv,0.22582728080804948,0.09320692792052043,1863.944,0.1,0.15,0.6,0.2,0.85,0.4,0.17,0.15,1,0.85,0.86,0.984,0.189,94500
children,test_nonclin--adults-low,surv,0.2209953677191209,0.09471761911998693,1858.102,0.1,0.15,0.6,0.2,0.85,0.4,0.17,0.3,0.95,0.85,0.86,0.984,0.189,94500
children,test_nonclin--all-high,surv,0.21753305058894018,0.09100874131892601,1863.754,0.1,0.15,0.6,0.2,0.85,0.4,0.17,0.3,0.95,0.85,0.86,0.984,0.189,94500
children,test_nonclin--elderly-low,surv,0.2176773529973083,0.09645574572447292,1863.944,0.1,0.15,0.6,0.2,0.85,0.4,0.17,0.3,0.95,0.85,0.86,0.984,0.189,94500
children,test_clin--adults-low,surv,0.21873645300553834,0.04092841064364093,9857.116,0.1,0.15,0.6,0.2,0.85,0.4,0.9,0.15,0.95,0.85,0.86,0.984,0.189,94500
children,test_clin--all-high,surv,0.21752645023372144,0.04432378694650768,9860.218,0.1,0.15,0.6,0.2,0.85,0.4,0.9,0.15,0.95,0.85,0.86,0.984,0.189,94500
children,test_clin--elderly-low,surv,0.221170635967905,0.04077782524640393,9865.408,0.1,0.15,0.6,0.2,0.85,0.4,0.9,0.15,0.95,0.85,0.86,0.984,0.189,94500
children,clin--adults-low,surv,0.21623573901897802,0.060731337248476173,4188.136,0.1,0.15,0.6,0.2,0.85,0.9,0.17,0.15,0.95,0.85,0.86,0.984,0.189,94500
children,clin--all-high,surv,0.22592170099873488,0.06674219601599174,4191.518,0.1,0.15,0.6,0.2,0.85,0.9,0.17,0.15,0.95,0.85,0.86,0.984,0.189,94500
children,clin--elderly-low,surv,0.21656805897030432,0.06435090568421932,4191.696,0.1,0.15,0.6,0.2,0.85,0.9,0.17,0.15,0.95,0.85,0.86,0.984,0.189,94500
children,sympt--adults-low,surv,0.22028971129243022,0.09164217655200166,1968.426,0.1,0.15,0.6,0.2,0.9,0.4,0.17,0.15,0.95,0.85,0.86,0.984,0.189,94500
children,sympt--all-high,surv,0.21859078758439113,0.09351228717398298,1973.932,0.1,0.15,0.6,0.2,0.9,0.4,0.17,0.15,0.95,0.85,0.86,0.984,0.189,94500
children,sympt--elderly-low,surv,0.2140146523618014,0.0961011611693657,1973.118,0.1,0.15,0.6,0.2,0.9,0.4,0.17,0.15,0.95,0.85,0.86,0.984,0.189,94500
children,pnonflu--adults-low,surv,0.22549715966111442,0.08675841991571545,2405.268,0.1,0.15,0.6,0.3,0.85,0.4,0.17,0.15,0.95,0.85,0.86,0.984,0.189,94500
children,pnonflu--all-high,surv,0.22019932573776543,0.08635041272138005,2409.536,0.1,0.15,0.6,0.3,0.85,0.4,0.17,0.15,0.95,0.85,0.86,0.984,0.189,94500
children,pnonflu--elderly-low,surv,0.21681790252456926,0.09203837554419045,2408.746,0.1,0.15,0.6,0.3,0.85,0.4,0.17,0.15,0.95,0.85,0.86,0.984,0.189,94500
children,ve--adults-low,surv,0.2591843549732499,0.08831335386537147,1849.884,0.1,0.15,0.7,0.2,0.85,0.4,0.17,0.15,0.95,0.85,0.86,0.984,0.189,94500
children,ve--all-high,surv,0.2623431211514701,0.09064873442723508,1855.556,0.1,0.15,0.7,0.2,0.85,0.4,0.17,0.15,0.95,0.85,0.86,0.984,0.189,94500
children,ve--elderly-low,surv,0.25513649111970027,0.092177321092544,1855.858,0.1,0.15,0.7,0.2,0.85,0.4,0.17,0.15,0.95,0.85,0.86,0.984,0.189,94500
children,pvac--adults-low,surv,0.45949573650779557,0.05531655583414424,1662.804,0.5,0.15,0.6,0.2,0.85,0.4,0.17,0.15,0.95,0.85,0.86,0.984,0.189,94500
children,pvac--all-high,surv,0.46417519230398974,0.05926201698213154,1666.766,0.5,0.15,0.6,0.2,0.85,0.4,0.17,0.15,0.95,0.85,0.86,0.984,0.189,94500
children,pvac--elderly-low,surv,0.4603352397862587,0.05695975086925422,1668.05,0.5,0.15,0.6,0.2,0.85,0.4,0.17,0.15,0.95,0.85,0.86,0.984,0.189,94500
elderly,pvac--elderly-low,admin,0.0784465269526353,0.082331028958136307,12234.996,0.05,0.05,0.4,0.1,0.85,1,0.22,0.15,0.95,0.85,0.86,0.984,0.154,77000
elderly,pvac--adults-low,admin,0.26391164239725634,0.05662929836153686,12185.348,0.5,0.05,0.4,0.1,0.85,1,0.22,0.15,0.95,0.85,0.86,0.984,0.154,77000
elderly,pvac--all-high,admin,0.2651732861505651,0.05396361317467531,12196.75,0.5,0.05,0.4,0.1,0.85,1,0.22,0.15,0.95,0.85,0.86,0.984,0.154,77000
elderly,pvac--children-low,admin,0.26321128928132465,0.056856465328575814,12198.08,0.5,0.05,0.4,0.1,0.85,1,0.22,0.15,0.95,0.85,0.86,0.984,0.154,77000
elderly,ve--elderly-low,admin,0.0990556559193155,0.06622343814668692,12216.64,0.66,0.05,0.15,0.1,0.85,1,0.22,0.15,0.95,0.85,0.86,0.984,0.154,77000
elderly,sympt--elderly-low,admin,0.2470368259769592,0.06530950353195784,11626.676,0.66,0.05,0.4,0.1,0.1,1,0.22,0.15,0.95,0.85,0.86,0.984,0.154,77000
elderly,clin--elderly-low,admin,0.25077845186357955,0.0646971528338446,11615.756,0.66,0.05,0.4,0.1,0.85,0.1,0.22,0.15,0.95,0.85,0.86,0.984,0.154,77000
elderly,clin--adults-low,admin,0.27331477001258,0.060741213244650226,12108.688,0.66,0.05,0.4,0.1,0.85,0.9,0.22,0.15,0.95,0.85,0.86,0.984,0.154,77000
elderly,clin--all-high,admin,0.2711758489280199,0.06102033140221009,12119.342,0.66,0.05,0.4,0.1,0.85,0.9,0.22,0.15,0.95,0.85,0.86,0.984,0.154,77000
elderly,clin--children-low,admin,0.2715982298173509,0.060244593075877394,12120.682,0.66,0.05,0.4,0.1,0.85,0.9,0.22,0.15,0.95,0.85,0.86,0.984,0.154,77000
elderly,test_clin--elderly-low,admin,0.22859354524155817,0.07449258731713057,11106.166,0.66,0.05,0.4,0.1,0.85,1,0.1,0.15,0.95,0.85,0.86,0.984,0.154,77000
elderly,test_nonclin--elderly-low,admin,0.3063135763263421,0.07373311990091211,1967.654,0.66,0.05,0.4,0.1,0.85,1,0.22,0,0.95,0.85,0.86,0.984,0.154,77000
elderly,sens_vac--elderly-low,admin,0.2494856299924535,0.058071258113808394,12178.768,0.66,0.05,0.4,0.1,0.85,1,0.22,0.15,0.9,0.85,0.86,0.984,0.154,77000
elderly,spec_vac--elderly-low,admin,0.20537927252525195,0.07041383930650567,12178.768,0.66,0.05,0.4,0.1,0.85,1,0.22,0.15,0.95,0.5,0.86,0.984,0.154,77000
elderly,sens_flu--elderly-low,admin,0.22570930037130385,0.07261198371088605,12178.768,0.66,0.05,0.4,0.1,0.85,1,0.22,0.15,0.95,0.85,0.5,0.984,0.154,77000
elderly,spec_flu--elderly-low,admin,0.12450756196633929,0.047689550881122006,12178.768,0.66,0.05,0.4,0.1,0.85,1,0.22,0.15,0.95,0.85,0.86,0.9,0.154,77000
elderly,pflu--elderly-low,admin,0.2702097366997075,0.056714855055738395,12178.768,0.66,0.05,0.4,0.1,0.85,1,0.22,0.15,0.95,0.85,0.86,0.984,0.154,77000
elderly,pnonflu--elderly-low,admin,0.2702097366997075,0.056714855055738395,12178.768,0.66,0.05,0.4,0.1,0.85,1,0.22,0.15,0.95,0.85,0.86,0.984,0.154,77000
elderly,prop--adults-low,admin,0.2721483636237465,0.047530833537247914,18823.914,0.66,0.05,0.4,0.1,0.85,1,0.22,0.15,0.95,0.85,0.86,0.984,0.23809523809523808,119048
elderly,prop--children-low,admin,0.2741197153328015,0.048158248472434995,18822.838,0.66,0.05,0.4,0.1,0.85,1,0.22,0.15,0.95,0.85,0.86,0.984,0.23809523809523808,119048
elderly,prop--all-high,admin,0.2735391798922188,0.04102265576278101,26360.954,0.66,0.05,0.4,0.1,0.85,1,0.22,0.15,0.95,0.85,0.86,0.984,0.33333333333333337,166667
elderly,prop--elderly-low,admin,0.2739910158391794,0.032161811613659747,41411.104,0.66,0.05,0.4,0.1,0.85,1,0.22,0.15,0.95,0.85,0.86,0.984,0.5238095238095238,261905
elderly,spec_flu--adults-low,admin,0.34683289381912635,0.061306811338842145,12170.772,0.66,0.05,0.4,0.1,0.85,1,0.22,0.15,0.95,0.85,0.86,1,0.154,77000
elderly,spec_flu--all-high,admin,0.34766225282158575,0.06154511871495011,12182.046,0.66,0.05,0.4,0.1,0.85,1,0.22,0.15,0.95,0.85,0.86,1,0.154,77000
elderly,spec_flu--children-low,admin,0.3498725196087838,0.05766573295128133,12183.418,0.66,0.05,0.4,0.1,0.85,1,0.22,0.15,0.95,0.85,0.86,1,0.154,77000
elderly,sens_flu--adults-low,admin,0.2842738611222784,0.055941752933312,12170.772,0.66,0.05,0.4,0.1,0.85,1,0.22,0.15,0.95,0.85,1,0.984,0.154,77000
elderly,sens_flu--all-high,admin,0.2837696067514475,0.055518740363844854,12182.046,0.66,0.05,0.4,0.1,0.85,1,0.22,0.15,0.95,0.85,1,0.984,0.154,77000
elderly,sens_flu--children-low,admin,0.28524534195990836,0.05140565067669233,12183.418,0.66,0.05,0.4,0.1,0.85,1,0.22,0.15,0.95,0.85,1,0.984,0.154,77000
elderly,spec_vac--adults-low,admin,0.29838477813228564,0.05940894588990664,12170.772,0.66,0.05,0.4,0.1,0.85,1,0.22,0.15,0.95,1,0.86,0.984,0.154,77000
elderly,spec_vac--all-high,admin,0.299900887723292,0.05519822607380813,12182.046,0.66,0.05,0.4,0.1,0.85,1,0.22,0.15,0.95,1,0.86,0.984,0.154,77000
elderly,spec_vac--children-low,admin,0.3029456590205546,0.050973812552317345,12183.418,0.66,0.05,0.4,0.1,0.85,1,0.22,0.15,0.95,1,0.86,0.984,0.154,77000
elderly,sens_vac--adults-low,admin,0.29472304204331684,0.05883884416429223,12170.772,0.66,0.05,0.4,0.1,0.85,1,0.22,0.15,1,0.85,0.86,0.984,0.154,77000
elderly,sens_vac--all-high,admin,0.2968025448957919,0.0564919219103212,12182.046,0.66,0.05,0.4,0.1,0.85,1,0.22,0.15,1,0.85,0.86,0.984,0.154,77000
elderly,sens_vac--children-low,admin,0.29892382401976536,0.056489024429133033,12183.418,0.66,0.05,0.4,0.1,0.85,1,0.22,0.15,1,0.85,0.86,0.984,0.154,77000
elderly,test_nonclin--adults-low,admin,0.23863421045999794,0.052842338510744345,22375.004,0.66,0.05,0.4,0.1,0.85,1,0.22,0.3,0.95,0.85,0.86,0.984,0.154,77000
elderly,test_nonclin--all-high,admin,0.23654807619974585,0.054442900806348025,22377.262,0.66,0.05,0.4,0.1,0.85,1,0.22,0.3,0.95,0.85,0.86,0.984,0.154,77000
elderly,test_nonclin--children-low,admin,0.23782662312028371,0.04982315053815251,22388.1,0.66,0.05,0.4,0.1,0.85,1,0.22,0.3,0.95,0.85,0.86,0.984,0.154,77000
elderly,test_clin--adults-low,admin,0.31230674077487314,0.03243043257463641,18259.574,0.66,0.05,0.4,0.1,0.85,1,0.9,0.15,0.95,0.85,0.86,0.984,0.154,77000
elderly,test_clin--all-high,admin,0.3115811574016577,0.03387309735920855,18267.712,0.66,0.05,0.4,0.1,0.85,1,0.9,0.15,0.95,0.85,0.86,0.984,0.154,77000
elderly,test_clin--children-low,admin,0.3111614988752354,0.030958963966348965,18265.532,0.66,0.05,0.4,0.1,0.85,1,0.9,0.15,0.95,0.85,0.86,0.984,0.154,77000
elderly,sympt--adults-low,admin,0.2700406986865689,0.05885096389860528,12207.212,0.66,0.05,0.4,0.1,0.9,1,0.22,0.15,0.95,0.85,0.86,0.984,0.154,77000
elderly,sympt--all-high,admin,0.272593075813285,0.06142628468778873,12218.65,0.66,0.05,0.4,0.1,0.9,1,0.22,0.15,0.95,0.85,0.86,0.984,0.154,77000
elderly,sympt--children-low,admin,0.27424830336051836,0.05371823900209445,12220.44,0.66,0.05,0.4,0.1,0.9,1,0.22,0.15,0.95,0.85,0.86,0.984,0.154,77000
elderly,pnonflu--adults-low,admin,0.2671638801923066,0.05672223098860903,13086.024,0.66,0.05,0.4,0.3,0.85,1,0.22,0.15,0.95,0.85,0.86,0.984,0.154,77000
elderly,pnonflu--all-high,admin,0.26690238980314623,0.05987007898139514,13097.738,0.66,0.05,0.4,0.3,0.85,1,0.22,0.15,0.95,0.85,0.86,0.984,0.154,77000
elderly,pnonflu--children-low,admin,0.2659280386551348,0.05501297656524811,13099.546,0.66,0.05,0.4,0.3,0.85,1,0.22,0.15,0.95,0.85,0.86,0.984,0.154,77000
elderly,ve--adults-low,admin,0.48685313689109605,0.04277963878280532,12125.552,0.66,0.05,0.7,0.1,0.85,1,0.22,0.15,0.95,0.85,0.86,0.984,0.154,77000
elderly,ve--all-high,admin,0.48438385895037017,0.04574760616305684,12136.776,0.66,0.05,0.7,0.1,0.85,1,0.22,0.15,0.95,0.85,0.86,0.984,0.154,77000
elderly,ve--children-low,admin,0.48991886890861125,0.04376121652874766,12137.826,0.66,0.05,0.7,0.1,0.85,1,0.22,0.15,0.95,0.85,0.86,0.984,0.154,77000
elderly,pflu--adults-low,admin,0.3405033177743945,0.035872379198993776,12506.338,0.66,0.15,0.4,0.1,0.85,1,0.22,0.15,0.95,0.85,0.86,0.984,0.154,77000
elderly,pflu--all-high,admin,0.34106882462001054,0.035833819386104714,12518.978,0.66,0.15,0.4,0.1,0.85,1,0.22,0.15,0.95,0.85,0.86,0.984,0.154,77000
elderly,pflu--children-low,admin,0.33856264504608746,0.035197294923038074,12519.818,0.66,0.15,0.4,0.1,0.85,1,0.22,0.15,0.95,0.85,0.86,0.984,0.154,77000
elderly,pvac--elderly-low,surv,0.08629353557845951,0.11132889455591508,2144.21,0.05,0.05,0.4,0.1,0.85,1,0.22,0.15,0.95,0.85,0.86,0.984,0.154,77000
elderly,pvac--adults-low,surv,0.3007496875495158,0.07152325755051248,2017.882,0.5,0.05,0.4,0.1,0.85,1,0.22,0.15,0.95,0.85,0.86,0.984,0.154,77000
elderly,pvac--all-high,surv,0.298737662892951,0.07034842357034758,2018.342,0.5,0.05,0.4,0.1,0.85,1,0.22,0.15,0.95,0.85,0.86,0.984,0.154,77000
elderly,pvac--children-low,surv,0.30031131931452437,0.07124951848333441,2017.294,0.5,0.05,0.4,0.1,0.85,1,0.22,0.15,0.95,0.85,0.86,0.984,0.154,77000
elderly,ve--elderly-low,surv,0.10672825235735071,0.08965175097819626,2087.602,0.66,0.05,0.15,0.1,0.85,1,0.22,0.15,0.95,0.85,0.86,0.984,0.154,77000
elderly,sympt--elderly-low,surv,0.26627854285666086,0.25219889456754335,230.842,0.66,0.05,0.4,0.1,0.1,1,0.22,0.15,0.95,0.85,0.86,0.984,0.154,77000
elderly,clin--elderly-low,surv,0.26244722329906395,0.27508910359133193,196.288,0.66,0.05,0.4,0.1,0.85,0.1,0.22,0.15,0.95,0.85,0.86,0.984,0.154,77000
elderly,clin--adults-low,surv,0.3068832033024799,0.08229040388951747,1776.282,0.66,0.05,0.4,0.1,0.85,0.9,0.22,0.15,0.95,0.85,0.86,0.984,0.154,77000
elderly,clin--all-high,surv,0.3081982481159616,0.07937718574828277,1775.062,0.66,0.05,0.4,0.1,0.85,0.9,0.22,0.15,0.95,0.85,0.86,0.984,0.154,77000
elderly,clin--children-low,surv,0.3125024165840942,0.07832586001278347,1774.29,0.66,0.05,0.4,0.1,0.85,0.9,0.22,0.15,0.95,0.85,0.86,0.984,0.154,77000
elderly,test_clin--elderly-low,surv,0.30112582404190197,0.11011140681525643,895.052,0.66,0.05,0.4,0.1,0.85,1,0.1,0.15,0.95,0.85,0.86,0.984,0.154,77000
elderly,test_nonclin--elderly-low,surv,0.3063135763263421,0.07373311990091211,1967.654,0.66,0.05,0.4,0.1,0.85,1,0.22,0,0.95,0.85,0.86,0.984,0.154,77000
elderly,sens_vac--elderly-low,surv,0.28757006503302807,0.07331592101579823,1967.654,0.66,0.05,0.4,0.1,0.85,1,0.22,0.15,0.9,0.85,0.86,0.984,0.154,77000
elderly,spec_vac--elderly-low,surv,0.2316709269796938,0.09548490293117248,1967.654,0.66,0.05,0.4,0.1,0.85,1,0.22,0.15,0.95,0.5,0.86,0.984,0.154,77000
elderly,sens_flu--elderly-low,surv,0.2648974110698014,0.09024451909138079,1967.654,0.66,0.05,0.4,0.1,0.85,1,0.22,0.15,0.95,0.85,0.5,0.984,0.154,77000
elderly,spec_flu--elderly-low,surv,0.25528073481419666,0.07190432563987208,1967.654,0.66,0.05,0.4,0.1,0.85,1,0.22,0.15,0.95,0.85,0.86,0.9,0.154,77000
elderly,pflu--elderly-low,surv,0.3087428934635446,0.06990685063365933,1967.654,0.66,0.05,0.4,0.1,0.85,1,0.22,0.15,0.95,0.85,0.86,0.984,0.154,77000
elderly,pnonflu--elderly-low,surv,0.3087428934635446,0.06990685063365933,1967.654,0.66,0.05,0.4,0.1,0.85,1,0.22,0.15,0.95,0.85,0.86,0.984,0.154,77000
elderly,prop--adults-low,surv,0.31201755884015825,0.06062289081888578,3040.536,0.66,0.05,0.4,0.1,0.85,1,0.22,0.15,0.95,0.85,0.86,0.984,0.23809523809523808,119048
elderly,prop--children-low,surv,0.3116788924855626,0.06177540467376058,3041.66,0.66,0.05,0.4,0.1,0.85,1,0.22,0.15,0.95,0.85,0.86,0.984,0.23809523809523808,119048
elderly,prop--all-high,surv,0.3129532975589587,0.05079445270159423,4268.542,0.66,0.05,0.4,0.1,0.85,1,0.22,0.15,0.95,0.85,0.86,0.984,0.33333333333333337,166667
elderly,prop--elderly-low,surv,0.3145294861590033,0.040218433892854226,6695.506,0.66,0.05,0.4,0.1,0.85,1,0.22,0.15,0.95,0.85,0.86,0.984,0.5238095238095238,261905
elderly,spec_flu--adults-low,surv,0.32127456965399936,0.07511950709164432,1971.586,0.66,0.05,0.4,0.1,0.85,1,0.22,0.15,0.95,0.85,0.86,1,0.154,77000
elderly,spec_flu--all-high,surv,0.32261866177147863,0.07214840093553139,1972.206,0.66,0.05,0.4,0.1,0.85,1,0.22,0.15,0.95,0.85,0.86,1,0.154,77000
elderly,spec_flu--children-low,surv,0.32683537365637527,0.07170662220314332,1971.11,0.66,0.05,0.4,0.1,0.85,1,0.22,0.15,0.95,0.85,0.86,1,0.154,77000
elderly,sens_flu--adults-low,surv,0.326949129137055,0.06810361641172458,1971.586,0.66,0.05,0.4,0.1,0.85,1,0.22,0.15,0.95,0.85,1,0.984,0.154,77000
elderly,sens_flu--all-high,surv,0.32730741936963004,0.06769559733544314,1972.206,0.66,0.05,0.4,0.1,0.85,1,0.22,0.15,0.95,0.85,1,0.984,0.154,77000
elderly,sens_flu--children-low,surv,0.3324369114400838,0.06798011940518583,1971.11,0.66,0.05,0.4,0.1,0.85,1,0.22,0.15,0.95,0.85,1,0.984,0.154,77000
elderly,spec_vac--adults-low,surv,0.33964492585930106,0.07278977556488389,1971.586,0.66,0.05,0.4,0.1,0.85,1,0.22,0.15,0.95,1,0.86,0.984,0.154,77000
elderly,spec_vac--all-high,surv,0.34248173591821107,0.06692178292704962,1972.206,0.66,0.05,0.4,0.1,0.85,1,0.22,0.15,0.95,1,0.86,0.984,0.154,77000
elderly,spec_vac--children-low,surv,0.34859632904189813,0.0675035077889734,1971.11,0.66,0.05,0.4,0.1,0.85,1,0.22,0.15,0.95,1,0.86,0.984,0.154,77000
elderly,sens_vac--adults-low,surv,0.3312780034098937,0.07524786179503024,1971.586,0.66,0.05,0.4,0.1,0.85,1,0.22,0.15,1,0.85,0.86,0.984,0.154,77000
elderly,sens_vac--all-high,surv,0.3329604380713543,0.07122877587551543,1972.206,0.66,0.05,0.4,0.1,0.85,1,0.22,0.15,1,0.85,0.86,0.984,0.154,77000
elderly,sens_vac--children-low,surv,0.3400254743485813,0.07267909917998441,1971.11,0.66,0.05,0.4,0.1,0.85,1,0.22,0.15,1,0.85,0.86,0.984,0.154,77000
elderly,test_nonclin--adults-low,surv,0.312755252330056,0.07170655889375205,1971.586,0.66,0.05,0.4,0.1,0.85,1,0.22,0.3,0.95,0.85,0.86,0.984,0.154,77000
elderly,test_nonclin--all-high,surv,0.3113696123393913,0.07180800615719189,1972.206,0.66,0.05,0.4,0.1,0.85,1,0.22,0.3,0.95,0.85,0.86,0.984,0.154,77000
elderly,test_nonclin--children-low,surv,0.3141573562519935,0.07093501403107316,1971.11,0.66,0.05,0.4,0.1,0.85,1,0.22,0.3,0.95,0.85,0.86,0.984,0.154,77000
elderly,test_clin--adults-low,surv,0.3152106395537157,0.03699843111469508,8060.388,0.66,0.05,0.4,0.1,0.85,1,0.9,0.15,0.95,0.85,0.86,0.984,0.154,77000
elderly,test_clin--all-high,surv,0.31468142679048305,0.03659983836752309,8057.872,0.66,0.05,0.4,0.1,0.85,1,0.9,0.15,0.95,0.85,0.86,0.984,0.154,77000
elderly,test_clin--children-low,surv,0.31428914790475354,0.03541644846037603,8053.224,0.66,0.05,0.4,0.1,0.85,1,0.9,0.15,0.95,0.85,0.86,0.984,0.154,77000
elderly,sympt--adults-low,surv,0.3097234861362277,0.07137262720102917,2087.128,0.66,0.05,0.4,0.1,0.9,1,0.22,0.15,0.95,0.85,0.86,0.984,0.154,77000
elderly,sympt--all-high,surv,0.30793121241990185,0.0721064007978694,2088.336,0.66,0.05,0.4,0.1,0.9,1,0.22,0.15,0.95,0.85,0.86,0.984,0.154,77000
elderly,sympt--children-low,surv,0.3146140385020245,0.06988207862982612,2087.416,0.66,0.05,0.4,0.1,0.9,1,0.22,0.15,0.95,0.85,0.86,0.984,0.154,77000
elderly,pnonflu--adults-low,surv,0.2981919880471789,0.06371489744186902,4847.17,0.66,0.05,0.4,0.3,0.85,1,0.22,0.15,0.95,0.85,0.86,0.984,0.154,77000
elderly,pnonflu--all-high,surv,0.2982093490337202,0.06747252979909531,4855.01,0.66,0.05,0.4,0.3,0.85,1,0.22,0.15,0.95,0.85,0.86,0.984,0.154,77000
elderly,pnonflu--children-low,surv,0.29750055287247107,0.06183955109381621,4852.644,0.66,0.05,0.4,0.3,0.85,1,0.22,0.15,0.95,0.85,0.86,0.984,0.154,77000
elderly,ve--adults-low,surv,0.5778672396495533,0.05076648078655496,1828.922,0.66,0.05,0.7,0.1,0.85,1,0.22,0.15,0.95,0.85,0.86,0.984,0.154,77000
elderly,ve--all-high,surv,0.5769921225959919,0.04890567871373865,1830.238,0.66,0.05,0.7,0.1,0.85,1,0.22,0.15,0.95,0.85,0.86,0.984,0.154,77000
elderly,ve--children-low,surv,0.5816202213128947,0.049002754594424894,1829.086,0.66,0.05,0.7,0.1,0.85,1,0.22,0.15,0.95,0.85,0.86,0.984,0.154,77000
elderly,pflu--adults-low,surv,0.29923181509810526,0.052473934844601375,3027.022,0.66,0.15,0.4,0.1,0.85,1,0.22,0.15,0.95,0.85,0.86,0.984,0.154,77000
elderly,pflu--all-high,surv,0.29724296643542114,0.05477721801055407,3034.294,0.66,0.15,0.4,0.1,0.85,1,0.22,0.15,0.95,0.85,0.86,0.984,0.154,77000
elderly,pflu--children-low,surv,0.29513046703832035,0.053523593830052174,3030.682,0.66,0.15,0.4,0.1,0.85,1,0.22,0.15,0.95,0.85,0.86,0.984,0.154,77000
total,pvac--adults-low,admin,0.2718662257350085,0.019546122413778115,79655.902,0.20435,0.08861000000000001,0.5035000000000001,0.15175,0.85,0.42669999999999997,0.29596,0.15,0.95,0.85,0.86,0.9840000000000001,1,500000
total,prop--children-low,admin,0.4197859064499694,0.01483389682222551,77899.14,0.26904761904761904,0.10952380952380952,0.5285714285714286,0.1642857142857143,0.85,0.5190476190476191,0.22476190476190477,0.15,0.95,0.85,0.86,0.984,1,500000
total,pflu--adults-low,admin,0.195329595595019,0.02017477659183285,79424.812,0.28479,0.0843,0.5035000000000001,0.15175,0.85,0.42669999999999997,0.29596,0.15,0.95,0.85,0.86,0.9840000000000001,1,500000
total,ve--adults-low,admin,0.29568787666833035,0.017778572061487852,79601.262,0.28479,0.08861000000000001,0.33865,0.15175,0.85,0.42669999999999997,0.29596,0.15,0.95,0.85,0.86,0.9840000000000001,1,500000
total,sympt--adults-low,admin,0.3581638617403102,0.017922048045095253,76328.176,0.28479,0.08861000000000001,0.5035000000000001,0.15175,0.3744,0.42669999999999997,0.29596,0.15,0.95,0.85,0.86,0.9840000000000001,1,500000
total,sympt--children-low,admin,0.36075311540482113,0.016697949640995264,79608.09,0.28479,0.08861000000000001,0.5035000000000001,0.15175,0.7488,0.42669999999999997,0.29596,0.15,0.95,0.85,0.86,0.9840000000000001,1,500000
total,sympt--elderly-low,admin,0.37673041718608674,0.017096235938971617,79206.93,0.28479,0.08861000000000001,0.5035000000000001,0.15175,0.7768,0.42669999999999997,0.29596,0.15,0.95,0.85,0.86,0.9840000000000001,1,500000
total,clin--adults-low,admin,0.36681926856120894,0.01692151969742196,77287.254,0.28479,0.08861000000000001,0.5035000000000001,0.15175,0.85,0.3744,0.29596,0.15,0.95,0.85,0.86,0.9840000000000001,1,500000
total,test_nonclin--adults-low,admin,0.5069293936397683,0.014989087969691907,55750.574,0.28479,0.08861000000000001,0.5035000000000001,0.15175,0.85,0.42669999999999997,0.29596,0.10289999999999999,0.95,0.85,0.86,0.9840000000000001,1,500000
total,sens_vac--adults-low,admin,0.3630343274515163,0.017255873044113888,79529.328,0.28479,0.08861000000000001,0.5035000000000001,0.15175,0.85,0.42669999999999997,0.29596,0.15,0.9343,0.85,0.86,0.9840000000000001,1,500000
total,spec_vac--adults-low,admin,0.3305773775376016,0.01658851715723758,79529.328,0.28479,0.08861000000000001,0.5035000000000001,0.15175,0.85,0.42669999999999997,0.29596,0.15,0.95,0.6715,0.86,0.9840000000000001,1,500000
total,sens_flu--adults-low,admin,0.34240510514174954,0.018989368987355433,79529.328,0.28479,0.08861000000000001,0.5035000000000001,0.15175,0.85,0.42669999999999997,0.29596,0.15,0.95,0.85,0.6715,0.9840000000000001,1,500000
total,spec_flu--adults-low,admin,0.305901189951703,0.015124927621432796,79529.328,0.28479,0.08861000000000001,0.5035000000000001,0.15175,0.85,0.42669999999999997,0.29596,0.15,0.95,0.85,0.86,0.9343,1,500000
total,spec_flu--children-low,admin,0.4410391049305294,0.015919688174873124,79548.776,0.28479,0.08861000000000001,0.5035000000000001,0.15175,0.85,0.42669999999999997,0.29596,0.15,0.95,0.85,0.86,0.9811000000000001,1,500000
total,spec_flu--elderly-low,admin,0.19601466262643188,0.02082058275752592,79529.402,0.28479,0.08861000000000001,0.5035000000000001,0.15175,0.85,0.42669999999999997,0.29596,0.15,0.95,0.85,0.86,0.9846,1,500000
total,spec_flu--all-high,admin,0.4221755844160419,0.017273397295746406,79559.686,0.28479,0.08861000000000001,0.5035000000000001,0.15175,0.85,0.42669999999999997,0.29596,0.15,0.95,0.85,0.86,1,1,500000
total,sens_flu--children-low,admin,0.3222569970777557,0.017559268988548073,79548.776,0.28479,0.08861000000000001,0.5035000000000001,0.15175,0.85,0.42669999999999997,0.29596,0.15,0.95,0.85,0.9055,0.9840000000000001,1,500000
total,sens_flu--elderly-low,admin,0.4102886610960182,0.015792840546642987,79529.402,0.28479,0.08861000000000001,0.5035000000000001,0.15175,0.85,0.42669999999999997,0.29596,0.15,0.95,0.85,0.923,0.9840000000000001,1,500000
total,sens_flu--all-high,admin,0.3763676105531751,0.016381511737612126,79559.686,0.28479,0.08861000000000001,0.5035000000000001,0.15175,0.85,0.42669999999999997,0.29596,0.15,0.95,0.85,1,0.9840000000000001,1,500000
total,spec_vac--children-low,admin,0.26894819468358294,0.019540956281744095,79548.776,0.28479,0.08861000000000001,0.5035000000000001,0.15175,0.85,0.42669999999999997,0.29596,0.15,0.95,0.9055,0.86,0.9840000000000001,1,500000
total,spec_vac--elderly-low,admin,0.5006722687940522,0.015995633692560123,79529.402,0.28479,0.08861000000000001,0.5035000000000001,0.15175,0.85,0.42669999999999997,0.29596,0.15,0.95,0.923,0.86,0.9840000000000001,1,500000
total,spec_vac--all-high,admin,0.5066437399002787,0.017214313782331854,79559.686,0.28479,0.08861000000000001,0.5035000000000001,0.15175,0.85,0.42669999999999997,0.29596,0.15,0.95,1,0.86,0.9840000000000001,1,500000
total,sens_vac--children-low,admin,0.3759082938173973,0.016696324193133348,79548.776,0.28479,0.08861000000000001,0.5035000000000001,0.15175,0.85,0.42669999999999997,0.29596,0.15,0.9811000000000001,0.85,0.86,0.9840000000000001,1,500000
total,sens_vac--elderly-low,admin,0.36580368134811886,0.017085884580254736,79529.402,0.28479,0.08861000000000001,0.5035000000000001,0.15175,0.85,0.42669999999999997,0.29596,0.15,0.9846,0.85,0.86,0.9840000000000001,1,500000
total,sens_vac--all-high,admin,0.37780637974687864,0.01657639599826689,79559.686,0.28479,0.08861000000000001,0.5035000000000001,0.15175,0.85,0.42669999999999997,0.29596,0.15,1,0.85,0.86,0.9840000000000001,1,500000
total,test_nonclin--children-low,admin,0.3723925870739132,0.015074858980404574,123731.574,0.28479,0.08861000000000001,0.5035000000000001,0.15175,0.85,0.42669999999999997,0.29596,0.2433,0.95,0.85,0.86,0.9840000000000001,1,500000
total,test_nonclin--elderly-low,admin,0.2744727521977327,0.015328577050649455,128358.372,0.28479,0.08861000000000001,0.5035000000000001,0.15175,0.85,0.42669999999999997,0.29596,0.2538,0.95,0.85,0.86,0.9840000000000001,1,500000
total,test_nonclin--all-high,admin,0.37475380339332415,0.013599621685756767,148784.51,0.28479,0.08861000000000001,0.5035000000000001,0.15175,0.85,0.42669999999999997,0.29596,0.3,0.95,0.85,0.86,0.9840000000000001,1,500000
total,test_clin--adults-low,admin,0.33553131463324204,0.015380924367416737,89011.396,0.28479,0.08861000000000001,0.5035000000000001,0.15175,0.85,0.42669999999999997,0.3744,0.15,0.95,0.85,0.86,0.9840000000000001,1,500000
total,test_clin--children-low,admin,0.2853829882701346,0.014966102143370918,94994.942,0.28479,0.08861000000000001,0.5035000000000001,0.15175,0.85,0.42669999999999997,0.7488,0.15,0.95,0.85,0.86,0.9840000000000001,1,500000
total,test_clin--elderly-low,admin,0.42372585320569456,0.012790030287470127,96592.808,0.28479,0.08861000000000001,0.5035000000000001,0.15175,0.85,0.42669999999999997,0.7768,0.15,0.95,0.85,0.86,0.9840000000000001,1,500000
total,test_clin--all-high,admin,0.3498956992308422,0.013552371905848227,103779.664,0.28479,0.08861000000000001,0.5035000000000001,0.15175,0.85,0.42669999999999997,0.9,0.15,0.95,0.85,0.86,0.9840000000000001,1,500000
total,clin--children-low,admin,0.36822030010135415,0.014920293841671654,86697.486,0.28479,0.08861000000000001,0.5035000000000001,0.15175,0.85,0.7488,0.29596,0.15,0.95,0.85,0.86,0.9840000000000001,1,500000
total,clin--elderly-low,admin,0.3806016547862927,0.015500726088196944,86608.796,0.28479,0.08861000000000001,0.5035000000000001,0.15175,0.85,0.7768,0.29596,0.15,0.95,0.85,0.86,0.9840000000000001,1,500000
total,clin--all-high,admin,0.37317115960567904,0.014518479961455784,87142.386,0.28479,0.08861000000000001,0.5035000000000001,0.15175,0.85,0.9,0.29596,0.15,0.95,0.85,0.86,0.9840000000000001,1,500000
total,sympt--all-high,admin,0.3644034738279253,0.01648923126856477,79824.938,0.28479,0.08861000000000001,0.5035000000000001,0.15175,0.9,0.42669999999999997,0.29596,0.15,0.95,0.85,0.86,0.9840000000000001,1,500000
total,pnonflu--adults-low,admin,0.3723799583345165,0.016485592784554155,79669.666,0.28479,0.08861000000000001,0.5035000000000001,0.1686,0.85,0.42669999999999997,0.29596,0.15,0.95,0.85,0.86,0.9840000000000001,1,500000
total,pnonflu--children-low,admin,0.3668330923365299,0.01706390437649516,82914.9,0.28479,0.08861000000000001,0.5035000000000001,0.2622,0.85,0.42669999999999997,0.29596,0.15,0.95,0.85,0.86,0.9840000000000001,1,500000
total,pnonflu--elderly-low,admin,0.3587048911640509,0.01781865976787901,82105.304,0.28479,0.08861000000000001,0.5035000000000001,0.2692,0.85,0.42669999999999997,0.29596,0.15,0.95,0.85,0.86,0.9840000000000001,1,500000
total,pnonflu--all-high,admin,0.36662778699679227,0.01780494989731069,83055.282,0.28479,0.08861000000000001,0.5035000000000001,0.3,0.85,0.42669999999999997,0.29596,0.15,0.95,0.85,0.86,0.9840000000000001,1,500000
total,ve--children-low,admin,0.44361549987324406,0.01567669373747957,79440.844,0.28479,0.08861000000000001,0.59605,0.15175,0.85,0.42669999999999997,0.29596,0.15,0.95,0.85,0.86,0.9840000000000001,1,500000
total,ve--elderly-low,admin,0.4032150934274283,0.01649330460732132,79499.11,0.28479,0.08861000000000001,0.6153,0.15175,0.85,0.42669999999999997,0.29596,0.15,0.95,0.85,0.86,0.9840000000000001,1,500000
total,ve--all-high,admin,0.47526165561263245,0.015450817262918765,79446.62,0.28479,0.08861000000000001,0.7,0.15175,0.85,0.42669999999999997,0.29596,0.15,0.95,0.85,0.86,0.9840000000000001,1,500000
total,pflu--children-low,admin,0.2565142958268376,0.01564965674236973,80851.204,0.28479,0.1311,0.5035000000000001,0.15175,0.85,0.42669999999999997,0.29596,0.15,0.95,0.85,0.86,0.9840000000000001,1,500000
total,pflu--elderly-low,admin,0.39607301061658595,0.014372187972921906,80553.676,0.28479,0.1346,0.5035000000000001,0.15175,0.85,0.42669999999999997,0.29596,0.15,0.95,0.85,0.86,0.9840000000000001,1,500000
total,pflu--all-high,admin,0.31100410459191213,0.015436904044701084,80923.604,0.28479,0.15,0.5035000000000001,0.15175,0.85,0.42669999999999997,0.29596,0.15,0.95,0.85,0.86,0.9840000000000001,1,500000
total,prop--adults-low,admin,0.3924874377239388,0.015479881012802451,79176.12,0.3119047619047619,0.08952380952380953,0.5,0.15,0.85,0.49047619047619045,0.27619047619047615,0.15,0.95,0.85,0.86,0.984,1,500000
total,prop--all-high,admin,0.42852505286105924,0.0158075419363048,78629.298,0.3366666666666667,0.09333333333333335,0.5,0.15000000000000002,0.8500000000000001,0.5666666666666668,0.2466666666666667,0.15000000000000002,0.9500000000000002,0.8500000000000001,0.8600000000000001,0.984,1,500000
total,pvac--children-low,admin,0.40824759629320806,0.015499798514704986,79399.506,0.41495000000000004,0.08861000000000001,0.5035000000000001,0.15175,0.85,0.42669999999999997,0.29596,0.15,0.95,0.85,0.86,0.9840000000000001,1,500000
total,prop--elderly-low,admin,0.4441203888997158,0.014876139168550004,78737.356,0.42904761904761907,0.08095238095238096,0.4714285714285714,0.13571428571428573,0.85,0.6904761904761905,0.23904761904761906,0.15,0.95,0.85,0.86,0.984,1,500000
total,pvac--elderly-low,admin,0.33781067022920497,0.016940846431664134,79394.608,0.4307,0.08861000000000001,0.5035000000000001,0.15175,0.85,0.42669999999999997,0.29596,0.15,0.95,0.85,0.86,0.9840000000000001,1,500000
total,pvac--all-high,admin,0.38314017209621976,0.016653441408651565,79384.026,0.5,0.08861000000000001,0.5035000000000001,0.15175,0.85,0.42669999999999997,0.29596,0.15,0.95,0.85,0.86,0.9840000000000001,1,500000
total,pvac--adults-low,surv,0.2621234118114048,0.03431047612203238,10364.55,0.20435,0.08861000000000001,0.5035000000000001,0.15175,0.85,0.42669999999999997,0.29596,0.15,0.95,0.85,0.86,0.9840000000000001,1,500000
total,prop--children-low,surv,0.3709938431205963,0.028785041010094024,10540.804,0.26904761904761904,0.10952380952380952,0.5285714285714286,0.1642857142857143,0.85,0.5190476190476191,0.22476190476190477,0.15,0.95,0.85,0.86,0.984,1,500000
total,pflu--adults-low,surv,0.05048886045512403,0.041215244863198566,10562.272,0.28479,0.0843,0.5035000000000001,0.15175,0.85,0.42669999999999997,0.29596,0.15,0.95,0.85,0.86,0.9840000000000001,1,500000
total,ve--adults-low,surv,0.3091320322161096,0.03300339019906186,10333.176,0.28479,0.08861000000000001,0.33865,0.15175,0.85,0.42669999999999997,0.29596,0.15,0.95,0.85,0.86,0.9840000000000001,1,500000
total,sympt--adults-low,surv,0.38665348479602324,0.04133434841742558,4814.198,0.28479,0.08861000000000001,0.5035000000000001,0.15175,0.3744,0.42669999999999997,0.29596,0.15,0.95,0.85,0.86,0.9840000000000001,1,500000
total,sympt--children-low,surv,0.3250483728621357,0.03192380446637981,9137.904,0.28479,0.08861000000000001,0.5035000000000001,0.15175,0.7488,0.42669999999999997,0.29596,0.15,0.95,0.85,0.86,0.9840000000000001,1,500000
total,sympt--elderly-low,surv,0.31520571403265,0.03470412635348435,9030.314,0.28479,0.08861000000000001,0.5035000000000001,0.15175,0.7768,0.42669999999999997,0.29596,0.15,0.95,0.85,0.86,0.9840000000000001,1,500000
total,clin--adults-low,surv,0.35475858221984075,0.034152803479892455,8114.66,0.28479,0.08861000000000001,0.5035000000000001,0.15175,0.85,0.3744,0.29596,0.15,0.95,0.85,0.86,0.9840000000000001,1,500000
total,test_nonclin--adults-low,surv,0.33937423962239605,0.03033353311026716,10277.764,0.28479,0.08861000000000001,0.5035000000000001,0.15175,0.85,0.42669999999999997,0.29596,0.10289999999999999,0.95,0.85,0.86,0.9840000000000001,1,500000
total,sens_vac--adults-low,surv,0.33459104497948866,0.030956828668892482,10277.764,0.28479,0.08861000000000001,0.5035000000000001,0.15175,0.85,0.42669999999999997,0.29596,0.15,0.9343,0.85,0.86,0.9840000000000001,1,500000
total,spec_vac--adults-low,surv,0.29685047994572694,0.030054464455533867,10277.764,0.28479,0.08861000000000001,0.5035000000000001,0.15175,0.85,0.42669999999999997,0.29596,0.15,0.95,0.6715,0.86,0.9840000000000001,1,500000
total,sens_flu--adults-low,surv,0.258336921930223,0.03597214626059009,10277.764,0.28479,0.08861000000000001,0.5035000000000001,0.15175,0.85,0.42669999999999997,0.29596,0.15,0.95,0.85,0.6715,0.9840000000000001,1,500000
total,spec_flu--adults-low,surv,0.3346854157454777,0.02997128725065475,10277.764,0.28479,0.08861000000000001,0.5035000000000001,0.15175,0.85,0.42669999999999997,0.29596,0.15,0.95,0.85,0.86,0.9343,1,500000
total,spec_flu--children-low,surv,0.36376826772120546,0.031027692095059185,10289.992,0.28479,0.08861000000000001,0.5035000000000001,0.15175,0.85,0.42669999999999997,0.29596,0.15,0.95,0.85,0.86,0.9811000000000001,1,500000
total,spec_flu--elderly-low,surv,0.2747192905370706,0.03199069808353967,10278.076,0.28479,0.08861000000000001,0.5035000000000001,0.15175,0.85,0.42669999999999997,0.29596,0.15,0.95,0.85,0.86,0.9846,1,500000
total,spec_flu--all-high,surv,0.350662968267659,0.031249344689895472,10287.296,0.28479,0.08861000000000001,0.5035000000000001,0.15175,0.85,0.42669999999999997,0.29596,0.15,0.95,0.85,0.86,1,1,500000
total,sens_flu--children-low,surv,0.27712616792796213,0.0333830935810735,10289.992,0.28479,0.08861000000000001,0.5035000000000001,0.15175,0.85,0.42669999999999997,0.29596,0.15,0.95,0.85,0.9055,0.9840000000000001,1,500000
total,sens_flu--elderly-low,surv,0.441506507443446,0.024999764060741142,10278.076,0.28479,0.08861000000000001,0.5035000000000001,0.15175,0.85,0.42669999999999997,0.29596,0.15,0.95,0.85,0.923,0.9840000000000001,1,500000
total,sens_flu--all-high,surv,0.35788796056023153,0.02988208758859579,10287.296,0.28479,0.08861000000000001,0.5035000000000001,0.15175,0.85,0.42669999999999997,0.29596,0.15,0.95,0.85,1,0.9840000000000001,1,500000
total,spec_vac--children-low,surv,0.2893235744533542,0.03446057183086547,10289.992,0.28479,0.08861000000000001,0.5035000000000001,0.15175,0.85,0.42669999999999997,0.29596,0.15,0.95,0.9055,0.86,0.9840000000000001,1,500000
total,spec_vac--elderly-low,surv,0.42823666248546133,0.02834921953107398,10278.076,0.28479,0.08861000000000001,0.5035000000000001,0.15175,0.85,0.42669999999999997,0.29596,0.15,0.95,0.923,0.86,0.9840000000000001,1,500000
total,spec_vac--all-high,surv,0.46488502531503456,0.028500765011826242,10287.296,0.28479,0.08861000000000001,0.5035000000000001,0.15175,0.85,0.42669999999999997,0.29596,0.15,0.95,1,0.86,0.9840000000000001,1,500000
total,sens_vac--children-low,surv,0.3483681601483119,0.03154175069099607,10289.992,0.28479,0.08861000000000001,0.5035000000000001,0.15175,0.85,0.42669999999999997,0.29596,0.15,0.9811000000000001,0.85,0.86,0.9840000000000001,1,500000
total,sens_vac--elderly-low,surv,0.340397194531062,0.029467810046405224,10278.076,0.28479,0.08861000000000001,0.5035000000000001,0.15175,0.85,0.42669999999999997,0.29596,0.15,0.9846,0.85,0.86,0.9840000000000001,1,500000
total,sens_vac--all-high,surv,0.3500717602720713,0.030071296934626818,10287.296,0.28479,0.08861000000000001,0.5035000000000001,0.15175,0.85,0.42669999999999997,0.29596,0.15,1,0.85,0.86,0.9840000000000001,1,500000
total,test_nonclin--children-low,surv,0.3361121508019893,0.031407552282124364,10289.992,0.28479,0.08861000000000001,0.5035000000000001,0.15175,0.85,0.42669999999999997,0.29596,0.2433,0.95,0.85,0.86,0.9840000000000001,1,500000
total,test_nonclin--elderly-low,surv,0.33683186998448605,0.02972433043349551,10278.076,0.28479,0.08861000000000001,0.5035000000000001,0.15175,0.85,0.42669999999999997,0.29596,0.2538,0.95,0.85,0.86,0.9840000000000001,1,500000
total,test_nonclin--all-high,surv,0.3378880109171623,0.031210652034841017,10287.296,0.28479,0.08861000000000001,0.5035000000000001,0.15175,0.85,0.42669999999999997,0.29596,0.3,0.95,0.85,0.86,0.9840000000000001,1,500000
total,test_clin--adults-low,surv,0.3897320249389216,0.01953037829349462,19759.832,0.28479,0.08861000000000001,0.5035000000000001,0.15175,0.85,0.42669999999999997,0.3744,0.15,0.95,0.85,0.86,0.9840000000000001,1,500000
total,test_clin--children-low,surv,0.33333065867926526,0.01949137279861446,25736.158,0.28479,0.08861000000000001,0.5035000000000001,0.15175,0.85,0.42669999999999997,0.7488,0.15,0.95,0.85,0.86,0.9840000000000001,1,500000
total,test_clin--elderly-low,surv,0.31682052060693433,0.021001462755845485,27341.482,0.28479,0.08861000000000001,0.5035000000000001,0.15175,0.85,0.42669999999999997,0.7768,0.15,0.95,0.85,0.86,0.9840000000000001,1,500000
total,test_clin--all-high,surv,0.3497995284904246,0.016937769846455182,34507.274,0.28479,0.08861000000000001,0.5035000000000001,0.15175,0.85,0.42669999999999997,0.9,0.15,0.95,0.85,0.86,0.9840000000000001,1,500000
total,clin--children-low,surv,0.31342097125577983,0.021056922592078416,21600.564,0.28479,0.08861000000000001,0.5035000000000001,0.15175,0.85,0.7488,0.29596,0.15,0.95,0.85,0.86,0.9840000000000001,1,500000
total,clin--elderly-low,surv,0.3115924826611167,0.0216276532210728,23732.626,0.28479,0.08861000000000001,0.5035000000000001,0.15175,0.85,0.7768,0.29596,0.15,0.95,0.85,0.86,0.9840000000000001,1,500000
total,clin--all-high,surv,0.3219324007159325,0.020327619561915512,25324.614,0.28479,0.08861000000000001,0.5035000000000001,0.15175,0.85,0.9,0.29596,0.15,0.95,0.85,0.86,0.9840000000000001,1,500000
total,sympt--all-high,surv,0.3374989151884091,0.031115169116433725,10891.462,0.28479,0.08861000000000001,0.5035000000000001,0.15175,0.9,0.42669999999999997,0.29596,0.15,0.95,0.85,0.86,0.9840000000000001,1,500000
total,pnonflu--adults-low,surv,0.5203731337697436,0.0203912439479749,12231.922,0.28479,0.08861000000000001,0.5035000000000001,0.1686,0.85,0.42669999999999997,0.29596,0.15,0.95,0.85,0.86,0.9840000000000001,1,500000
total,pnonflu--children-low,surv,0.4446216420092587,0.02316693754638516,17026.088,0.28479,0.08861000000000001,0.5035000000000001,0.2622,0.85,0.42669999999999997,0.29596,0.15,0.95,0.85,0.86,0.9840000000000001,1,500000
total,pnonflu--elderly-low,surv,0.2675947177068422,0.03021945373219169,15221.598,0.28479,0.08861000000000001,0.5035000000000001,0.2692,0.85,0.42669999999999997,0.29596,0.15,0.95,0.85,0.86,0.9840000000000001,1,500000
total,pnonflu--all-high,surv,0.41149194000055567,0.026881409211840786,18117.386,0.28479,0.08861000000000001,0.5035000000000001,0.3,0.85,0.42669999999999997,0.29596,0.15,0.95,0.85,0.86,0.9840000000000001,1,500000
total,ve--children-low,surv,0.46400374279067524,0.027356251353271133,10067.066,0.28479,0.08861000000000001,0.59605,0.15175,0.85,0.42669999999999997,0.29596,0.15,0.95,0.85,0.86,0.9840000000000001,1,500000
total,ve--elderly-low,surv,0.3424346017735766,0.029880797498373676,10273.046,0.28479,0.08861000000000001,0.6153,0.15175,0.85,0.42669999999999997,0.29596,0.15,0.95,0.85,0.86,0.9840000000000001,1,500000
total,ve--all-high,surv,0.49159179031792155,0.02704977933883656,10019.75,0.28479,0.08861000000000001,0.7,0.15175,0.85,0.42669999999999997,0.29596,0.15,0.95,0.85,0.86,0.9840000000000001,1,500000
total,pflu--children-low,surv,0.17042869572175073,0.03129809876388658,12632.152,0.28479,0.1311,0.5035000000000001,0.15175,0.85,0.42669999999999997,0.29596,0.15,0.95,0.85,0.86,0.9840000000000001,1,500000
total,pflu--elderly-low,surv,0.36326017773024405,0.025610939187461993,12070.814,0.28479,0.1346,0.5035000000000001,0.15175,0.85,0.42669999999999997,0.29596,0.15,0.95,0.85,0.86,0.9840000000000001,1,500000
total,pflu--all-high,surv,0.21397638115024478,0.030592957936569545,13145.226,0.28479,0.15,0.5035000000000001,0.15175,0.85,0.42669999999999997,0.29596,0.15,0.95,0.85,0.86,0.9840000000000001,1,500000
total,prop--adults-low,surv,0.3509515417935166,0.030753372683981706,10529.06,0.3119047619047619,0.08952380952380953,0.5,0.15,0.85,0.49047619047619045,0.27619047619047615,0.15,0.95,0.85,0.86,0.984,1,500000
total,prop--all-high,surv,0.3706034423547568,0.0279665340553089,10826.214,0.3366666666666667,0.09333333333333335,0.5,0.15000000000000002,0.8500000000000001,0.5666666666666668,0.2466666666666667,0.15000000000000002,0.9500000000000002,0.8500000000000001,0.8600000000000001,0.984,1,500000
total,pvac--children-low,surv,0.3907667015058176,0.02814881249779479,10067.592,0.41495000000000004,0.08861000000000001,0.5035000000000001,0.15175,0.85,0.42669999999999997,0.29596,0.15,0.95,0.85,0.86,0.9840000000000001,1,500000
total,prop--elderly-low,surv,0.37478682903979577,0.02759504844199586,11381.978,0.42904761904761907,0.08095238095238096,0.4714285714285714,0.13571428571428573,0.85,0.6904761904761905,0.23904761904761906,0.15,0.95,0.85,0.86,0.984,1,500000
total,pvac--elderly-low,surv,0.3663780265899456,0.02802668610311969,9965.244,0.4307,0.08861000000000001,0.5035000000000001,0.15175,0.85,0.42669999999999997,0.29596,0.15,0.95,0.85,0.86,0.9840000000000001,1,500000
total,pvac--all-high,surv,0.3850472724179219,0.028654148687392612,9842.624,0.5,0.08861000000000001,0.5035000000000001,0.15175,0.85,0.42669999999999997,0.29596,0.15,0.95,0.85,0.86,0.9840000000000001,1,500000
